school_canon,respondents_used,avg_score,denom_total,unused_pct
不明,2,2.5,3,33.3
北海道天塩高等学校,13,2.6923076923076925,14,7.1
岩沼小学校,71,3.7464788732394365,72,1.4
洗足学園中学校,55,2.5636363636363635,65,15.4
西京高等学校,42,3.3095238095238093,47,10.6
西京高等学校付属中学校,190,3.278947368421053,198,4.0
西賀茂中学校,212,2.6745283018867925,289,26.6
北海道寿都高等学校,2,4.5,2,0.0
