school_canon,respondents,avg_months,avg_freq
不明,,,
北海道天塩高等学校,15.0,4.133333333333334,1.5333333333333334
岩沼小学校,71.0,5.915492957746479,2.0555555555555554
洗足学園中学校,61.0,10.639344262295081,2.123076923076923
西京高等学校,45.0,21.488888888888887,2.595744680851064
西京高等学校付属中学校,193.0,27.181347150259068,3.1414141414141414
西賀茂中学校,275.0,3.0145454545454546,1.5432525951557095
北海道寿都高等学校,,,
