学年_canon,respondents,avg_score
小6,71,1.6338028169014085
中1,6,1.0
高2,13,1.0
高3,3,1.0
中2,208,0.7884615384615384
高1,43,0.7209302325581395
中3,304,0.631578947368421
