学年_canon,respondents,avg_score
中1,6,1.5
中2,209,1.1770334928229664
高1,43,0.8604651162790697
中3,300,0.59
高2,12,0.5833333333333334
小6,71,0.16901408450704225
高3,3,0.0
