学年_canon,respondents,avg_prof
中1,6,3.0
小6,72,2.888888888888889
高1,44,2.772727272727273
中2,218,2.3211009174311927
中3,329,2.1945288753799392
高2,15,2.0
高3,5,1.8
